label,text
joy,No but that's so cute. Atsu was probably shy about photos before but cherry helped her out uwu
optimism,I saved him after ordering him to risk his life. I didn't panic but stayed calm and rescued him.
fear,In wake of fresh #terror threat and sounding of alert in #Mumbai, praying for safety &amp; security of everybody in the city #Maharashtra #news
sadness,It‚Äôs possible changing meds is best not done while under stress. Difficult to tell what part of despair is circumstantial, what is drugs.
anger,I have a rage rage ep 2 coming out soon I'll keep you posted on it #YouTube #youtubegaming #rage
love,All this from a cigarette burning in Laura's hand, the angle of her chin, the purse of her lips.'(104) Gorgeous transition!@laurengrodstein
joy,Manchester derby at home 
joy,her; i want a playful relationship\nme; *kicks her off the couch*
sadness,so gutted i dropped one of my earrings down the sink at school
disgust,@Montel_Williams If this ban goes through, it will harm so many people, disabled veterans, people who have #chronicpain,  #iamkratom
joy,Happy birthday to Stephen King, a man responsible for some of the best horror of the past 40 years... and a whole bunch of the worst.
anger,Tears and eyes can dry but I won't, I'm burning like the wire in a lightbulb
sadness,@antoboyle I so wish you could someday come to Spain with the play, I can't believe I'm not going to see it #sad
anticipation,should I #start posting #photos?
joy,Thank you disney themed episode for letting me discover how amazing the @BlackishWriters are! #hilarious
joy,@RadioX @ChrisMoyles wow. not heard this in forever. Random but. great #sting #xph
disgust,@PatBlanchfield so you mean ‚Äúlike Uber but for despair for someone other than the driver'
optimism,May the optimism of tomorrow be your foundation for today.
fear,@andreasarahco do you actually heely on campus bc this should scare you
anticipation,Omg I actually thought she was going to jump. #bully #SouthPark20 #southpark
joy,Happy Birthday, LOST! / #lost #dharmainitiative #12years #22september2004 #oceanic815
joy,#FF \n\n@The_Family_X \n\n#soul #blues &amp; #rock #band\n\n#music from the #heart\n\nWith soul &amp; #passion \n\nXx üé∂ xX
fear,@HMiglino @CParks777 @Coco_Wms @bodyfit67 @TruthEqualsFact @politicususa I have never been more anxious of a election in my life‚ÄºÔ∏è 
anger,After what just happened. In need to smoke. 
anger,Joes gf started singing all star and then Joe got angry and was all sing it right and started angrily singing it back at her
fear,That old lady is cray cray #scared #BellaIsSoCute #awe #Empire
fear,hi my names anxiety and i have shaun
joy,On the bright side, my music theory teacher just pocket dabbed and said, 'I know what's hip.' And walked away üòÇüò≠
anger,#ahs6 every 5 minutes I've been saying 'nope nope I'd be gone by now.' 'MOVE' or 'GTFO' so thank you for the 
sadness,Summer officially ends today. #sadness
sadness,final vestiges of my 90's childhood were just dashed on the shoals of hearing a house cover of Tracy Chapman's 'fast car' at the dayjob
sadness,I was not made for this world. #empath #unhappy
anticipation,#chirp look out for them Cars coming from the Wesszzz
sadness,finally leaving my first job soon. i've been working here since i was 16. going to be kind of bitter sweet
fear,Hope I sleep - no nightmare of Bakewell tarts #yuk  #GBBO
sadness,will brawndo cure my depression? @MikeJudge #Idiocracytoday
optimism,Why is it that we rejoice at a birth and grieve at a funeral? It is because we are not the person involved. ‚Äï Mark Twain
anticipation,@Rovers what highlights ? I would imagine you will only have 30 seconds of highlights for the whole season so far . #venkysout
fear,@KennyCoble @Rosie these horrific situations will only get worse if trump is elected. vote Hillary.
joy,@Tomstarling86 He didn't have many chances to show what he can do but looked lively and had a good shot tipped over the bar before the end.
sadness,in health we did a think about depression and now i feel like i have it
joy,@D_McMenemy It'll be easy to spot the parade of tiny weans in expensive jammies. Really is hilarious!
sadness,Muscled man with huge heart is messing with my brain and heart. #lost #confused
anticipation,@Courteoussoul @MattyMcDee I'm at 349 and just decoded 20 or more blues and not one was over 340, where you getting your blues?
joy,@MannersAboveAll *laughs louder this time, shaking my head* That was really cheesy, wasn't it?
fear,@LeafyIsHere will showing off biceps scare you?
joy,@TeamGrout glee
fear,courage the cowardly dog is like american horror story for kids
disgust,This is awful
optimism,Gloriosa Bazigaga on #Rwanda work: 'I lost relatives in genocide but 15 yrs of peacebuilding has given me optimism it's within our power'
sadness,Texans and Astros both shut out tonight. Houston, we're back to normal. #texans #Astros #sadness #losers
sadness,@CesarSampao @thisisbolton don't get me started on town centre. Used to go every week.... not been for 18 months 
anger,@alliex both, scrap *ll the rage instead
anticipation,I think they may be #offended
optimism,The point of living, and being an optimist, is to be foolish enough to believe the best is yet to come' - Peter Ustinov #optimism #quote
joy,Mate the thing I get excited about in my profession are mad. A client said she opened her bowels, I'm rejoicing
sadness,I'm such a shy girlüôÑ
joy,@Mickeyplyler @QualkTalk the refs are in GT's favor tonight. 
anticipation,Does Bret have a point? Cena, Balor, sting...
optimism,I told my chiropractor 'I'm here for a good time not a long time' when he questioned my habits and yet again I have unnerved a doctor
joy,@niceoneWern @Alotta_Pain the gleesome threesome
fear,induction day tomorrow for pizza express #nervous
joy,@SMalloy_LWOS that's not easy to blow up the LT on a run play. He created the seam for Sua to burst through
joy,@DipstickDipper \n'It's alright!' She said cheerfully trying to make the moment fun
anger,@kencurtin they might get Donal √≥g sure! They won't have him in cork as he's to fiery for dopey frank &amp; his cult
fear,@SeanUnfiltered Texans are scared of this bunch! 
joy,Now that @Jasmine_Wrn has snapchat back it's a constant battle to see who can get the ugliest snap of one another üòÇüôÉ #snap survival
anger,@LiamCannon1 He's just too raging to type properly... Ha ha!
optimism,i have so much hair it's a nightmare but it's also very soft so it guess it's a win-lose situation
sadness,One step forward, two steps backward, the link to RogerFedererShop doesn¬¥t work.üò∞ I am losing hope about Roger Federer new Website #sadness
joy,The Pats are awesome. Belichick is awesome ...they just are. 
anger,Don't join @BTCare they put the phone down on you, talk over you and are rude. Taking money out of my acc willynilly! 
fear,Now #India is #afraid of #bad .
joy,HMS Pinafore' time.\n\nI need some mirth.
fear,if Man U lose i may actually have a nervous breakdown
disgust,@thehill George H. Establishment is unhappy Trump's campaign branded his son low-energy, but he could not have beaten the others either.
joy,B day next week, catch the sauce and watch the heaviness!
optimism,Carry on my wayward son, there'll be peace when you are done. Lay your weary head to rest. Don't you cry no more. #Supernatural
anger,@ImJim_YoureNot  cyber bully
anger,@CNN bully
anticipation,Hannah: 'This week on Survivor: Find out who is more buoyant. Gen X or Millenials!' #survivor
joy,Well stock finished &amp; listed, living room moved around, new editing done &amp; fitted in a visit to the in-laws. #productivityatitsfinest #happy
disgust,#India right of reply at #UNGA - #Pakistan preaching of human rights is by a country which is itself the global epicentre of 
anger,Did we miss the fact that #BurkeRamsey swung &amp;hit his sister #JonBenet in the face with a golf club previously out of a fit of ?
joy,The bounty hunter things a bit lively
joy,@WriterlyTweets Supine on the piano‚Äîlips parted. #sixwordstory #amwriting #blues #singer
disgust,@punjabified porkistan lost terribly in 65 because of american intervation to talk we stopped
joy,7 pax enjoyed the #gloom @Clayorangecrush @F3LakeMurray
optimism,Dehydrated, exhausted, stressed but still blessed. #optimism
anticipation,JV girls earn the W vs Stonington 2-1 today. Goals by K Waite and S Winakor. @DeluciaAlexis 1 assist. @mhseccathletics 
optimism,Lunatic Asylum: The place where optimism most flourishes.
joy,Damn gud #premiere #LethalWeapon...#funny and #serious
fear,and claimed that all of the same things could scare us\nbut we were tough because of ancestry
sadness,It appears my fire alarm disapproves of my cooking style
anger,We're going to get City in the next round for a revenge.
joy,Watch this amazing live.ly broadcast by @iamjustinburke  #musically
fear,How I Murdered Your Mother #SpookyTv 
sadness,alternate reality where @PoetryFound has a comments section and you can give poems a cheery thumbs up or a disappointed thumbs down
fear,I'm literally never home and my parents threaten to charge rent if I don't start cleaning the house everyday. OK.
fear,@RogueCoder250 We are in so much trouble!! I don't think the Rev will see the funny side of our project. #nervous
anger,@MagicalMunicorn May I suggest, that you have a meal that is made with beans, onions &amp; garlic, the day before class. #revenge
fear,I'm just tryna watch horror movies and nap all day
joy,As I remember and reflect on Reginald Denny on a night much like this (like #Charlotte) I think to myself, the gun lobby must be rejoicing.
anger,@johnaugust @clmazin I was so looking forward to @ABCDesignated. Then it opened with a #stuartspecial. I literally yelled at my tv. #umbrage
joy,something about opening mail is just...very pleasing
anticipation,I base when it's going to rain here off of brills snap stories.
fear,Obama admin rejects Texas plan to have refugees vetted for terrorism so Texas pulls of of fed refugee resettlement program. Aiding #terror.
sadness,@GCC_DiscGolf lost my xt nova around hole 8 or 9 #sadness
sadness,@SloanTheOtaku Betelgeuse/Sloth was lively, dedicated and tenacious, Regulus/Greed is humbly content and Ley/Gluttony is starving hungry.
joy,@shopgreenwich #ldf16 what shall we do this weekend?  #spraypainting in #greenwichmarket with @SNUB23 #core246 #lilylou #fret &amp; #benoakley
anger,@The_Nasty_P now you gotta do that with fast n furious
disgust,I refuse to be a chirp chirp girl
anticipation,@HillaryClinton Yeah U gotta make them HEEL. I know U need their votes so U have to wait. But when U LOSE-they're really in for your wrath !
joy,@97_aleix having a terrific game and not at all fazed #MCFC
disgust,My house isnt always a mess but when it is, its when i have friends coming #mess #serious #twitter #problem #like #friends #filthy #home
joy,Reflection: the grind has been so REAL! Working 2 jobs &amp; being in school. #ksudsm #ksu #recruiter #instructor #tumble #cheer #gradschool
optimism,@TweeriaLee A stumbling block to the pessimist is a stepping stone to the optimist.
optimism,Listening to Joey really helps me and my anger.
joy,Another joyful encounter in Tribez &amp; Castlez! I just met Bartolomeo! Do you want to know who that is? Download the game and find out!
fear,@Bwana86 I can fear that someone is always following me everywhere I go. Does that make it true??
fear,@BoudicaRides @realkingrobbo Isn't that exactly what they should do? What took so long? He is more #afraid of #ClintonMafia than #Congress
anger,Got a $20 tip from a drunk Uber passenger. Today I get a $25 parking ticket. I'd blame karma but my dumb ass forgot to pay the meter. 
optimism,@BrandedByCas I was like that when I started college. It was horrific but it probably will get better. Don't give up yet
fear,Did you know I specialise in #anxiety  and #panic attacks? Get in touch for all of my solutions for you. #Coventry
fear,@HMiglino @CParks777 @Coco_Wms @bodyfit67 @TruthEqualsFact @politicususa I have never been more anxious of a election in my life‚ÄºÔ∏è #fearful
optimism,@mark_slifer actually maybe we were supposed to die and my donation saved our lives?? #optimism
disgust,Sky news still pushing the Brexit gloom line, managing to ignore the fact it's simply not happening. 'But in the future.....'
sadness,@Nataliem55 sadly, war has often been the factor that jump starts US economic growth
optimism,‚ÄúHe who is slow to anger is better than the mighty, And he who rules his spirit than he who takes a city.‚Äù\nP16:32 #bibleverse #pride 
joy,$8 million in box office doesnt do this movie justice. Political or not, #SnowdenMovie is a terrific thriller and love story. @Snowden
joy,I'm girly in the sense that I always have lashes &amp; nails done but tomboy in the sense that black is my only color &amp; refuse the ruffle life
joy,It's not that the man did not know how to juggle, he just didn't have the balls to do it.\n#funny #pun #punny #lol #hilarious
joy,@jaymohr37 droop saw naked wrestling and asked 'What if I get a hole in one?' #jaymohrsports
sadness,@FoxNews Very thought provoking &amp; leads one to question what really happened.Very sad for all.
fear,‚ÄúWhat worries you masters you.‚Äù - Haddon Robinson @ChoGMinistries #Jesusisthesubject #worry #anxiety #anxious
anger,i had an hour of football practice under the boiling sun and now i have 2hr volleyball practice under the BOILING SUN AGAIN
optimism,That's how you start a season that's how you open the show #show #them #how #dark #hell #can #get #Empire
anger,Might just leave and aggravate bae
sadness,@missmeliss465 @WellWeds @siggyflicker @whispernghope @mcrichard awe I feel so bad being naive ou is the worst
sadness,Rooney = whipping boy. #mufc #sad
joy,@zinabukvic_ cheer up
optimism,@GreggDoyelStar I'm sure you'll have a heyday if they do
sadness,@BeeTuppy We're sorry to hear about the issues and how this is making you feel. We don't like to hear our customers being unhappy :-( We
sadness,it didn't impress me but it didn't depress me'
disgust,Leave it on there, rule,nimber 1 of carpet cleaning!!!  #worsethananatomicbomb #accidentlyspillbeeronthecarpet
optimism,Amateurs sit and wait for inspiration, the rest of us just get up and go to work.' -- Stephen King #authors #serious #writingtip
joy,Is there a perfume that smells like the smell of smokey incense because i would be all about that
sadness,@NJDDanin123 I personally liked #relentless ‚Ä¶didn't get #OurHouse #OneJersey #werealldevilsinside \nDoes nothing till a puck drops #NJDevils
fear,#panic Panic attack from fear of starting new medication
sadness,@OniLink86 @DarekMeridian lmao awe...  #sad
sadness,So drunk me hid my keys very well sober me couldn't find it anywhere
joy,@LoriAlan1 Seriously. Digging those eyebrows. #animated
joy,Watch this amazing live.ly broadcast by @footballrocks123456  #musically
disgust,@vladfucker69 i look rabid
fear,Why are all of these people leaving Blizzard??? D: It's giving me a frighten!
joy,@_Briannax33 @TheFunnyVine @MarielaLynn_ @karengutiii_ gotta shake the booty instead though, makes sure it's all good üôÇ
joy,Watch this amazing live.ly broadcast by @huntermcaseyy  #musically
disgust,@MichaelSalfino It still destroys Fear The Walking Dead. That show is horrible
anger,@twojacksdetail @bluelivesmtr Very rare an officer just shoots without regard. They don't want that on their conscience. #incite 
anger,WHY TF DO BROKE BOYS KEEP TRYNA FIND GF's? GET UR FUCKIN $$$ RIGHT B4 I SMACK YO BITCHASS, she deserves 2be happy &amp; u don't deserve that ass
joy,I'm moving this weekend &amp; my sugar daddy will replace it so, it is what it is. Niggas still happy.
anticipation,@davidplotz @Commentary She writes with sort of the same playful cynicism that you do! :)
anger,I am #real #sjw, I will not let #america down\nI have found us, now go and get us\nI let it out and I let it in\nI #rage I #lol\n@SergioSarzedo
joy,@OstinOng YUUUHH üôÑüò≠ plus clin ep and prevmed ugghhh hahaha 
joy,Rooney = whipping boy. #mufc 
optimism,Praying for the #Lord to keep #anger #hate #jealousy away from your heart is a sign of #maturity #conciseness
sadness,@l1ght__eyes u tried boiling em takes years too
anger,@MagicAndFangs 'Just by getting lost! I don't want to see you in my eyes!' Hungary huffed and crossed her arms, looking away angrily.
surprise,On the last episode of #MakingAMurderer poor Brendan glad they #appeal it #shocking #crime #documentary #reallife
joy,@macmacm43 jeezus God 
anger,I need some to help with my anger
sadness,Tho we haven't talked Jeff but the news is so sad and shocking. R.I.P Jeffrey
joy,Look at us, smiling in the photograph‚ô™ You can see the secrets behind the fake smiles‚ô™ (*„Éªœâ„Éª*) (¬©FACT„Äåa fact of life„Äç)
sadness,We have left #Maine. #sadness
anticipation,@MarkedMurderer Orion's eyes narrowed as he gazed down at the girl, ice cold blues meeting a softer than usual green. His instinct told him-
joy,@bodwell_james did it not just enliven your soul
anger,i was angry.
optimism,Sometimes I think the British political landscape is desolate and then I look over at the foaming wasteland of the US and think we're OK
fear,I'm afraid she's the goat you libeling people? #afraid #goat #libeling
disgust,@mcauley_ross rojo is awful
sadness,And here we go again üòì #restless
anger,Asian Tiger #Mosquitoes are so relentless. More aggressive than the kind I dealt w/as a kid.
anger,Glad I didn't watch smackdown because I can't see my men @JasonJordanJJ @WWEGable lose. #sohurt #revenge
joy,Just caught up with @RichardEGrant's wonderful new series on #EalingComedies. Infectious delight in every interview and film clip.
fear,Need good vibes for my doctors appointment tomorrow! #nervous
anticipation,I wonder what would happen if I were to tell some people the truth #savage #uhoh 
joy,We so elated, we celebrated like Obama waited until his last day in office to tell the nation, brothers is getting their reparations
sadness,@almurray hit the sink with a hammer... sorry, the universal modifier!
fear,@SeanLTheWriter Agree 100%... B. Marshall another concern... would much rather he rested this game...
anger,@joey_coops yes Hun! Avoid at all costs!! 
optimism,When a grown adult doesn't drink or has never drank before I just assume they were raised around a raging alcoholic and they want no parts.
sadness,I mourn the creativity lost.
disgust,@MetPoliceFC is it true none of your players are cops? Do they drink chilled bitter? Are your players Walter Mitty types? @KeviboyAllen
anger,Think of #anger as this barrier between you and your truth.' @laurascoe
anger,New play through tonight! Pretty much a blind run. Only played the game once and maybe got 2 levels it. #Rage 
joy,@MrsTaraX @PlateGotAte YES! I am rejoicing
optimism,‚ÄúCompetition is suppose to motivate you to do better everytime not to be bitter all the time‚Äù -De philosopher DJ Kyos \n#quote #success #CSGO
anger,Have to say that third City kit is fucking awful. Someone at Nike wants shooting.
joy,@imjustatrankk awe yay wish i could rt /:
anger,#Anger or #wrath is an intense emotional response.
joy,I'm at the point in my life that I'm playing Christmas music in my room because i need winter and joyful times rn
sadness,Mom you remember when Narley died? You cried like a baby! 
fear,@Gen_Ironicus Musicians have a superstitious dread of crossing highway 69, true story
joy,second day on the job and i already got a 45 dollar tip from a dude whose was constantly twitching his eye LOLOLOL 
fear,10 page script due Friday for class. Who said I could do this MFA thing? #panic #GradSchoolProblems #someonetelltinafeytohireme
disgust,@stevie7t Why does talksport sound like it's being broadcasted from someone's basement  #quality #amateurs
disgust,@FoRDaYS14 üò≥ chewing what?  #arcdental #turlock
joy,Harking back to 2012 - DT's challenge to @POTUS...I will give...DT a hearty thank you...if he will release his tax returns....
joy,@Blewberry02CP Content updates provoke that income.
optimism,@SalmonDelicious @bigdickkishibae I lost it at 18. Like, really not a big deal. Don't worry about trivial shit like that.
disgust,I should have stayed at home.
fear,First College Math Test tomorrow #nervous
disgust,@jonnyp_43 @MedicNow like going to a so called cardiac arrest that turned out to be a cut finger!  #medchat
sadness,@MHChat Childood experiences can  leave you with permanent deep sadness as adult  it can underlie everything #MHChat
joy,You forever straight so fix that frown u goodüòá @amayyaaag__
fear,@latenightdaryun pfft, as if anyone undergoing the constant ongoing horror of sapient consciousness has any trust in themself anyway
anger,I guess #bradangelina &gt; #anger &gt; #blacklivesmatter
optimism,Maybe the entire Russian team will test positive for meldonium and the North Americans will get to replace them #optimism
sadness,Headed to MDW w/ layover in SLC. Got off for food. Wrong move. Bailed on my food &amp; barely made it. @SouthwestAir #WannaGetAway #Contest #sad
optimism,Do not grow weary in doing good.'\n\n-@billclinton
joy,Time to go hit up the library - I have a lovely PILE of book reservations to collect this morning... #glee #books #reading
sadness,#BB18 Michelle crying  again #shocking #bitter He's  just not that into you üò¢#TeamNicole
anticipation,Let's get drunk and tell each other things we're afraid to say when we're sober.
sadness,What day is it #lost
fear,@SeanUnfiltered Texans are scared of this bunch! #intimidated
optimism,@Ms_HeartAttack peanut butter takes away the sting
anticipation,No quite sure how Craig Gordon's stayed on the park there !!
fear,@1NatalieMaines Can you imagine being the person who has to spray tan him? #shudder
joy,@tweet_faver its reaper!! before he became reaper, you can find their stories on the wiki and thru the comics and animated shorts!
sadness,13 hour @bus rides make me  #sorry
anticipation,I hope my hustle don't offend nobody
joy,Rojo is hilarious
fear,@torreBe Te gusta American horror story y The walking dead?
disgust,Newly engaged Stevie Wonder has been trying to disguise #the #awful smell from his throat: with a leather jacket made from a broken Wii.
sadness,@Virgin_TrainsEC I feel for the conductor tonight, he's obviously taken grief over the last few weeks, he sounds weary of apologising!
joy,@JackCurryYES he's just lucky...bad pitchers...#WHATEVER...ElKracken is #legit #future #bright #gottawearshades #LetsGoYankees
anger,Or when they hmu on snap, and I'm like.. which one are you. üíÄ
joy,Finn singing 'Can't Fight This Feeling' in the shower and Will spying on him is one of the best scenes on any show. 
joy,@johnwintertweet dudes who wanna play some bass but not buy a bass (me) rejoice
joy,It's finally raining in Ashland, Oregon. We've been parched all summer &amp; fall. The plants &amp; people are rejoicing!
fear,It's dark
anticipation,I need all your attention! If I don't I'll pout..
joy,I added Paul Walker on Xbox but he just spends all of his time on the dashboard. #dark #humor #funny
anticipation,Changing my hair again 
anticipation,Her charm is liveliness but this is also her weakness.
sadness,Q&amp;A with N. Christie @westernuHistory: fr. @marybethstart: What would Peter and Dardanella think of us knowing? #poorthings 
fear,#Muslims are the principle victims of #terrorism. More Muslims are dying at the hands of these #terrorists than anyone else. #YounusAlGohar
anger,@steph_baker7 i tried to turn off my alarm this morning and it turned on all my alarms instead
optimism,@Cassena13 I know if I wasn't an optimist I would despair.
joy,@sundersays made me laugh, that quote. In a sort of rueful way.
fear,@skyfootball manchester united...still untrusted iam afraid i might loose my bet
joy,TheNiceBot: WSJNordics You make the world a more joyful place. #TheNiceBot #ÿßŸÑÿÆŸÅÿ¨Ÿä
optimism,To tell the truth and make someone cry is better than to tell a lie and make someone smile. #truth #lie #cry #smile #offalonehugots
anticipation,Apparently all the money in the world can't buy a single person to tell you not give your own waist a hearty two-handed pinch while onstage.
sadness,75' Tierney reaches a deep cross to the back post and plays it back across but the Alloa defence clear. Celtic relentless here.
disgust,if you have been on depression too u shouldn't be judging him and exposing him to everyone, but helping him
anger,He totally knew about it'. Trump finally gets revenge for his son-in-law's prosecution/imprisonment and throws Christie under the bus.
joy,Panda eyed jaunty after watching jaws until late!
joy,Contactless affliction kart are the needs must regarding the psychological moment!: xbeUJGB
disgust,@ITdominiccoyle @IrishTimesBiz Between Barroso going to Goldman and this the @EU_Commission is getting a very serious self inflicted problem
joy,Banger sit in 2013 reason why we great doings him alias for why we rejoice in he.: kzfqR
fear,Check out @VovimPrgel - From Scotland #gamer #YouTuber #vlogger #designer #animator #artist. TY for following The Wake  #horrorfilm
sadness,Depression sucks! 
fear,@WunderlistHelp are you guys still down? When can we go up? #panic
anger,I'm mad at the injustice, so I'm going to smash my neighbours windows'.  Makes perfect sense. #CharlotteProtest 
optimism,@DMAnthonyJoseph @TheClumpany No grudge. Only truth in abundance.
fear,How I Murdered Your Mother #SpookyTv #horror
joy,#AutumnalEquinox the nights are drawing in, what a great time to look at putting up some new #lights #dark #showroom #news #wirral
anger,Absolutely fuming that some woman jumped into my prebooked taxi and drove off üò°
sadness,Very depressing seeing my whole fam packing to go on holiday tomorrow and I'm just staying here üôÉ
anger,schneiderlin taking his revenge for the 2 fouls
optimism,Cuddling literally kills depression, relieves anxiety, and strengthens the immune system.
joy,@Hails_Berry8 @sajedhariri23 varsity pine riding
joy,This has #turned out #better then I expected admitting you tried to #intimidate üòÇüòÇ #cantstoplaughing I really can't and it's in #spokeword
surprise,@thixotropic No. Was so sudden. Hasn't sunk in yet. With Leo I knew it was coming.
joy,Watch this amazing live.ly broadcast by @izzybuzy365  #musically
pessimism,Actually I always idealize the end of my relationships .. Such a pessimist
optimism,matt and i just did a psychological study on provocation in abusive relationships.
anger,@Remedy0_ switch host no bullet rage.
fear,@schokokitsune As much as I always eat....so no. -w- \n\nBut I shake all the time, so eeeeh. Maybe I should go see a doctor 'cause of it .w.
fear,there are magpies gathering around me help I'm going to be swooped ! 
sadness,Think Val might be going this week. I'll have to take the rest of the week off work to mourn. I'm sure they'll understand. #GBBO
fear,I was cheering for NA team. Now I just want this is over and Gaudreau comes back in one piece. It is getting way too risky
joy,Watch this amazing live.ly broadcast by @swagrman_fan #lively #musically
fear,@lhbrown1990 @Jimcummingsacme I'm afraid to look!
anger,@virginmedia I've been disconnected whilst on holiday üò§ but I don't move house until the 1st October ü§î 
joy,Friday is here, and we are open tonight and tomorrow. Get a jump on your Halloween and come play with us. #hauntedattraction #tulsa #haunt
sadness,Some moving clips on youtube tonight of the vigil held at Tulsa Metropolitan Baptist church for #TerenceCruther #justice  #sadness
fear,I feel really nervous, or anxious. Idk. My leg keeps shaking. Hmm
sadness,@LeePorter94 @DomMcGovern_ hi Dom I saw u at Notts county away, looking for 1 mufc away ticket will pay #blues
disgust,@Malkarii_ Korgoth of Barbaria for brutality, King Julian for hilarity, and Ariel... Because hot...
joy,aaahhhh! a little @OtisRedding to soothe the soul. #music #blues
optimism,@berniedole looks that way. But let's think about Rohan last week ... #optimism
joy,Thinking about trying some comedy on youtube. Always been fond of it. Time to nut up. #laughter #comedy #maybeoneday #hopefullyfunny #LOL
pessimism,@T_newhouse13 as granny would say I don't know how to chirp
sadness,@RyhenMessedUp goodbye despair
surprise,Ronaldo has been shocking. He's tried to do skill twice and he's nearly fallen over both times
optimism,@LoyalLadyMalfoy &lt;‚Ä¢ change them himself. He follows behind with a scowl pinching his lips and takes the sheets to his room. 'So who is ‚Ä¢&gt;
sadness,I asked Jared to marry me and he said no. 
joy,im 16 if you want to see my dick snap/kik me at hiya2247 üòò #kik #kikme #snapchat  #snapme #horny #porn #naked #young
sadness,@GlobeChadFinn Sadly, not enough names.  The whole farewell tour situation would make me shy away from good value b et.
anticipation,I have another test tonight 
joy,Why would Enrique sub off busquet? #hilarious
joy,@AlanAlanconway Same it's good but not great.Don't Breathe is the horror film of the month for me. My Fav horror film of the year (so far)
joy,We're very busy #coding a whole network manager for #unity3d based on #steamworks networking. #gamedev #indiedev #3amDeadTime  #game
fear,i'd let jiho step on my throat but he'd probs be afraid he'd hurt me
anger,@The_Boxing_Hub #klitschko @Klitschko over fury any day #boxing
joy,@BBHOH #terrible Paul so deserved that win!!! #bbfail
love,It's meant to be!!  
fear,procrasting is fun until im an hour away from the time its due and i still havent finished so i have a panic attack
joy,Well, this is cheery. #MrRobot
sadness,Is this the Krusty Krab?\n\nNo this is crippling depression
disgust,I don't like pineapple I only eat them on pizza, they lose the sting when they get cooked.
disgust,@ThomasHCrown @laurakfillault As a historic evangelical, I wonder if the Donatists had a point? What dreadful clergy in my fmr. circles.
sadness,What a sad evening - clearing out all of Harvey's cage and belongings. Now so final. Goodbye my little man.... #depressing
joy,It was an #amazing #start to the first #fall  day. Will it be an #Indiansummer
joy,Knowing how to cook is invaluable, what's even better is that even in a 400 sq ft place, I have wide and hearty homestyle egg noodles.
optimism,@HartRamsey #UPLIFT If you're still discouraged it means UR Listening to the wrong voices &amp; looking to the wrong source. Look to the LORD!
fear,I get so nervous even thinking about talking to ****** I wanna die
sadness,Everywhere I go, the air I breathe in tastes like home.' - @The_Currys #restless
joy,Watch this amazing live.ly broadcast by @ittzdevin #lively #musically
anger,@iAmSJ I'm so mad for our clients I'm furious lmao
anger,I swear if @devincameron23 blocks me I'm going to hit her back 
sadness,Why bother tweeting poor men's? \nWhat good does it do?  If I'm unable to be cheery,  I go quiet.  Missed you,  btw
optimism,Anger is cheap and politeness is expensive. Don't expect everybody to be polite. #ThoughtfulThursday  #politeness
optimism,@MegMuphet I wasn't meaning to offend you. I was saying from personal experience. Kids got placed into these classes and they take advantage
joy,@RashidAlMaktoum For #serious #intermediaries all required info about #project or #Owner will be mailed.
fear,@iSmashFizzle that's me all the time. I carry ginger candy, peppermint oil and sea-bands at all times #anxiety
joy,Yo Yo Yo,my name is #DarthVader \nI feel like I need to puff on my inhaler (I'm no rapper but that was some sick bars) #breathless #bars #rap
anticipation,[Moment of levity on the B41] Baby: I want ISIS! Give me ISIS!\nMom: Shh!\nBaby: I want ISIS!\nWest Indian woman: She wants what?\nMom: *Ices*.
anger,How am I supposed to intimidate the freshman if half of them are taller than I am??
anticipation,someone kik me @ montanashay_ \n#kikme #snap
sadness,No sober weekend üôÇüôÇüôÇ
optimism,So blend the waters lie\nThere shrines and free-  The melancholy waters lie\nNo rays from out the dull tide-  As if the vine
joy,I like cycling because I get to intimidate people with my powerful calves &amp; horrendous tan lines.
joy,#Jazz - the #blues is the roots, the rest is the fruits
fear,I wish I could fast forward 3 months from now, I'll know then where I'm at with my girl, my classes, and basketball. Rn I have pure #anxiety
joy,@InfluensterVox @irontekfit I love my #IronTekFit protein shake in the morning before yoga! #ESVoxbox
anticipation,@JonnyOwenFilm @ringsiderobbie1 can you remember that train Sunday after Froch v Kessler ? 
anticipation,Who actually chooses to drink sparkling water ü§î
fear,@MLB @JoeyBats19 Sam Dyson is probably having flashbacks right about now. #nightmare
fear,I'm so over having anxiety
fear,I would just give her with their naked body. #afraid
joy,oh yay old scientist builds himself a robot assistant and makes it look like a hot naked woman nothing alarming here
anger,@RogueFatale Oh, you insult me! What, you think just because I look like this, I'm psycho? I'm more sane than most Gotham freaks...
optimism,Update: I have yet to hang out with @MisElizaJane, but I'm still hopeful! #optimism
joy,Day 3 of #harvest16 - listening to the sound of the chopper working it's way closer to home at @mountaindairy makes me . #farm365
disgust,@EAMaddenNFL @EASPORTS I played a game where John Elway was sacked 3x and fumbled all 3x. Is this the same John elway I know of??? 
fear,I lost my blinders .... #panic
anticipation,@GolfStrat out of Rory starts. What would your B group look like w/o him? Hideki and Walker, and throw Reed or Knox on the pine?
fear,MSM stoking #fear. Please remember the beautiful prayerful protests in Dallas and Atlanta. Smile at a stranger. We make each other strong.
joy,@npagliaro1 That's awesome!  p.s. ok, what are the odds of that, swapping neighborhoods? 
anger,@EmmaHobbs1 I did that! 3 days later my order isn't even in the same postcode as me #fuming
optimism,Tip 5: Don't worry about pleasing everyone. #TitanWisdom
optimism,My interview went well today, I can't wait to find out what happens. #nervous #excited #interview #jobinterview
disgust,That is at least the 3rd time the balls been burst in our games
fear,@AllyTheRipper @ProoF @SpaitoGaming every horror movie that frightened me as a child i.e. 'IT', Halloween movies all of them, nightmare on..
joy,@Jen_Lee @mostlymartha @edotwoods we just found thin mints in a freezer clean. i couldn't be more elated.
fear,Tomorrow is going to be a challenge, I have to talk at a freshers fair to STRANGERS üòÅand pick up my new flat keys #anxiety
optimism,@DRUDGE_REPORT @FoxNews good thing the FBI didn't offend them!
joy,@eclecticbrotha Thanks, big bro. It's shake and bake and you helped.
anger,@Pharah_Amari [Reyes snarled in frustrated anger, steel claws flexing dangerously. But she uttered those damning words, it seems to snap --
sadness,@jccrocker #CharlotteProtest do u #wait 4 the facts #video or do u #hate now ask questions later #sad #protest #PoliceShootings #suggestions
joy,You head north and arrive at a breezy cave. It smells sweet. You glance at your watch; you're running 15 minutes late.
anger,A little nose irritation and a little more chills on my body. I'm so not into flu, into flu, into flu #FallSongs
fear,People‚Äôs deepest passions often scare them too much to admit, even to themselves.
anticipation,cluck cluck cluck, wolf wolf wolf , chirp chirp chirp is all I ever hear.
joy,@laura221b I've left it for my dad to deal with üòÇ My work is done as soon as it's felt the wrath of my slipper üò∑
sadness,not near my kitchen so unfortunately I cannot do a cooking snap series üç≥
surprise,I'm so confused by the new American horror story üò©
joy,@BraveHermione_ + and gives it to hear] 'Please.. I can tell you anything if you want to listen. maybe you're dont afraid anymore of me +
joy,Clash of the titans and wrath of the titans üôåüèæüôåüèæüôåüèæ üî•
surprise,#tulsa - Police manufacture murder... Wonder why we carry burners...? - MaxLevelz #shake
joy,Watch this amazing live.ly broadcast by @brooks_swaggysquad #lively #musically
sadness,A .500 season is all I'm looking for at this point. #depressing #royals
sadness,@CrystiCaro yeah agree - I think it was a family member and they covered up #sad
sadness,i am le depressed i l hate myself xDDdD #sad #depress #loner #emo
anger,Just saw lil homie @NICKMERCS rage on cam.  Weren't roids a thing in the late 90's or has it come back? I'm lost...
joy,Catering channel's at the height technics hearty enjoyment symptomatize: vrlfEyrN
optimism,Dear Indians..It is hard to swallow this but for once try to swallow this bitter pill...that is.. Pakistan is number one in Test cricket!!!
fear,My roommate talks and laughs in her sleep. It never fails to scare the shit out of me. üôÖüèΩüò≥
fear,About 7 weeks till I can pick up my camera again. Though I think there is a group cemetery shoot in october I can make! #photography #horror
fear,Paranoia is a fear every races has
sadness,The weather sure matches the mood in this state today.. #gloomy
joy,@Y2JaKe85 yessir. Also cheering for Sweden bc of Lundqvist
sadness,The bowl on my new food processor broke, @Cuisinart. #sadness.
joy,So far ours greet have raised ¬£250 for @HGatChristmas with more to come in #sparkling @CllrJohnFox @simoncotton69
joy,@BrianaBanksxoxo I send ya a few #playful nibbles üòâ
pessimism,@AliceGoodman17 i dunno, I'm getting less of the spacious lovely autumnal melancholy from our present apocalypse
anger,@easyJet Hi folks. Flight is going to be over an hour late departing from INV (EZY864), how do we go about getting a refund please? 
joy,81' Goal scorer Vidar Kjartansson comes off in favor of Dor Micha! Another terrific performance by @Vidarkjartans #YallaMaccabi
anticipation,We're all in D. T. (Discipleship training or detox) for something. #messy  #cutoff #choosefreedom #CryOut16
sadness,@BoJackHorseman if your depressed and somebody calls you long faced will you still automatically take umbrage?
joy,3:45am and off to the hospital! Elouise's waters have gone!  #Labour #LittleSister #superexcited
joy,@thetwattickla @NottRihanna lol no it's sparkling wine
fear,Argh a big wasp buzzing between my blinds and my window. Halp! #wasp #evil #buzz 
joy,@MillieetylerX I thought everyday was a glee day??
sadness,@thatsabingo grim really
optimism,You have a #problem? Yes! Can you do #something about it? No! Than why #worry
optimism,@CazuaL_WeaR @ScottInSC looks like a book shaped like a gun to me #optimism #itsagunalright
pessimism,236:416 While she was in her dull and sleeping hour,\nA crew of patches, rude mechanicals,\n#AMNDBots
optimism,Indignation: [whispers to date during that terrific Lerman/Letts centerpiece scene] That's his overwhelming sense of indignation.
anticipation,6 might be a serious number, but 10 sounds better. Wild card race!!
sadness,@KingJames @chrisbosh\n To good hearts I lost my job I'm Responsible 2 families My Information in profile even dollar if can‚Äôt just Re-tweet
sadness,@TaylaStJames it happens and Vegas isn't the only origin thats prevelant #sadly
disgust,@JohnVerdejo Mannn I can't count how many times I've had the '#PR's power grid needs some serious updating' conversation...
fear,@The_East_End And the air raid alarm was actually false.  There was no attack inbound at the time.
sadness,@Jay_2752 thank you, I shall mourn her
joy,@Chr1sMcLaughlin he's brilliant, lost the joyous plot with us that year. Admits being a fan now after that.
sadness,penny dreadful just cleaved off a fraction of my heart
joy,It was very hard to stifle my laughter after I overheard this comment. It really is amazing in the worst ways.
anger,@RealMichaelKay Annoys me to about the Ortiz tribute too, how would the Oriole fans and organization feel if Yanks did that to them? 
joy,@DavuuWart this is hilarious !!
sadness,@TheVulcanSalute , just saw the Save The Day PSA. Why were you in obvious tears doing it? I'd have thought you'd be your cheerful self.
sadness,My prayers are with the family, friends &amp; members of @VCFD  as you mourn the loss of Engineer Ryan Osler. #LODD #RIP
fear,Why does having anxiety drain some much of your energy  #sotired #needtosleepforhours
joy,A decent sleep makes Kurt a happy soldier. Spit &amp; polish the converse men. chests out and baseball caps at a jaunty angle.
fear,@LmRyle @tomcolicchio @realDonaldTrump @HillaryClinton @ajjaffe I understand your concerns but look at her foundation contributions #worry
joy,Standard Candice starting the show with a pout #startasyoumeantogoon #GBBO
anger,@HuffPostUK  NO greater wrath than a woman scorned.
fear,Don't wanna really go out but I can't say no. Deffo have a fear of missing out
sadness,18' \nMichael Carrick as struck the back of the net much to the delight of under pressure man u fanz and MOU...
joy,Literally dying &amp; living at the same time as I catch up on @adrian_ver 's twitter. If you aren't following him your life is BASIC. #hilarity
fear,@corruptmelon now im feeling the #worry
optimism,When's it all finished, you will discover that it was never random! #thoughts  #CrossoverLife
fear,@HillaryClinton evidently @realDonaldTrump feels above #norms. SHOW the #tax return, if you have nothing to #fear
joy,@chencouture LMAO Is it that 'so slutty' hater girl? That video was hilarious. üòÇ
joy,It's simple I get after two shots of espresso 'Grande, decaf, 130 degrees soy americano with extra foam' #barista 
joy,@FraserKeegan just had a steak pie supper 
sadness,From what I know of the man, I have to assume that @realDonaldTrump has had a heated argument with his own penis. #sad
joy,I took a yr off school and I'm proud to say I got accepted again, yo girl is going to finish! #happy
sadness,Dear everyone at HSSU, stop walking with your phones up so I can smile and wave at you and you can smile and wave back :(
joy,Val reminds me of one of the cheerful witches that looks after Aurora in Disney‚Äôs Sleeping Beauty. #GBBO
fear,Whenever you are confronted by a wild animal or hostile individual remember that they can smell #fear or the fact you #poop your pants.
fear,anxiety level- 100
joy,He's mixing it up pretty well..using that slider pretty affective so far #thebabybombers #yankees #offense
fear,The #movie Vantage Point makes my palms sweat EVERY time I watch it!!! #nervous üò•üò•
sadness,When you burst out crying alone and u realize that no one truly knows how unhappy you really are because you don't want anyone to know
joy,Watch this amazing live.ly broadcast by @izzybuzy365 #lively #musically
optimism,Do not despise the Lord ‚Äôs #discipline, do not #resent his rebuke, because the #Lord disciplines those he loves... #Proverbs 3:11-12
joy,Close to the end of a revision...taking this story I love in a new direction has been exhilarating for me. #endlesspossibilities #amwriting
anticipation,@AaronRodgers12 You will tell people not to  panic. But let see when was the last year the best QB in the NFL got his team in the SB???
fear,I have serious separation anxiety üò≠üò≠üíî
joy,@HytheHighborne -Sylvia was elated to receive kisses from the little prince, her bright smile clear as she glanced to Garrett and Elyse- --
joy,myself that despite the absolute delight my children and I would feel having a kitten in our home, the misery my husband would feel is more.
joy,Best quote from a 7 in German - Almost 
sadness,At my age all I see is gray. Is it gray because of my bad eyes or my perspective #depression  #healingjustice
anger,@GuardianAus @guardian because there is a realistic probability that a clown might be their next president. #clown #uspol 
optimism,The point of living, and being an optimist, is to be foolish enough to believe the best is yet to come' - Peter Ustinov  #quote
joy,Anyway I'm in a car with a furious white men and I have a really funny story to tell when I'm sober üòÇ
sadness,My nephews n cousins are nowhere near bad guys, but they could be killed @ any moment by a cop that thought they were bc of their color #sad
surprise,Rear garden alarm activated  at Telford house at 106.4.
joy,#rocklandcounty get to ravis in suffern, ny. Great food, new #chef, terrific atmosphere. Say 'twitter' to server and get free #appetizer
optimism,don't give someone power by letting their words offend you
disgust,@jessespector @nasboat old rich white religious guy supports republicans. Not shocking at all.
fear,@russian906 @kingerpag @dannewton1978 Of have a suspicion it was @lct1975 you know!!
sadness,I don't think I can go to work tomorrow since val has left #GBBO I need a day to mourn
fear,@Its_just_Huong I will beat you !!! Always thought id be gryffindor so this is a whole new world for me üò®üò®üò® #excited #afraid
optimism,People will talk, words will sting, but how you handle that is what differs you from them. Be like them or change the culture?#BeDifferent
joy,Watch this amazing live.ly broadcast by @evanhufferd  #musically
sadness,It's my last week at CN! I'm gonna be sad to leave, but this will also be my first planned break since going into animation!
optimism,Do not be discouraged by a slowing sales market. This will test your business model and pinpoint #strengths and #weaknesses.' @Ken_Dunn
disgust,@BigBossPeltonen \nLikewise #death #cutting 
anger,@jwolfie_ why you gotta use the dark skin emoji #offended
optimism,#2 complained then while his head and then called do not despair of God's mercy if you did sins go back to him and ask his forgiveness
optimism,#Taurus, for the most part, you have perfect control over your Emotions and you are careful not to be so sulky around anyone!
fear,think they re dating guys #nervous #bodybuilding #with #Follow4Follow megaphone xxx number Nierstein
sadness,Can I just sulk in peace üòÇ
fear,petrify  me in the fossil type of way
sadness,@chelseafc let them know it's the #blues
sadness,@JessiMcCree Gabriel would eventually start frowning, gaining conciousness. Which was apparently really painful by how tears formed in the--
sadness,I'm a shy person
fear,Editing a father of the bride speech. At 3 minutes in she tells him to wrap it up. He goes on for 12 more minutes. #nightmare
sadness,@rickygervais my first time in Slough so checked out the new station floor #sad #LifeOnTheRoad
surprise,Why did Alex just growl at me.. üòÇüòÇüòÇ
joy,Lets get this Astros/A's game going already!  We're going to need all 5 of you in attendance to cheer the A's to victory!
anticipation,snap music kept me from running into traffic 2005-2007.
anticipation,and naoto nod she also like tha bands. but she also frown. 'Will the bands 'Papa Roach' be at concert...?'
anticipation,Are belittling kitty straight a service? provoke lift aboard!: Wycelv
anger,@sippycoups if it hurts too much to eat, i read somewhere that marshmallows are good bc they are soft and don't irritate
joy,So Rangers v Celtic ll 
optimism,üçÉWhen #life shows you have a hundred reasons to cry, show it that you have a hundred and one reasons to #smile. üçÉ #quotes @Mind_Console
anticipation,@01Starblazer 9 -9 vs Atlanta this yr, 2 - 11 vs Rockies and DBacks this yr. That's a combined 11 - 20 vs 3 atrocious teams in NL 
sadness,@metalAndTheGeek @astoldbyfANGIRL SAME! I always say it was the best time of my life. I closed my store down and it was so depressing
disgust,every time a new Anthony Weiner revelation breaks, Bill Clinton says a prayer of thanks that texting/DMing didn't exist in his heyday.
joy,#LethalWeapon A suicidal Vet with PTSD... so FUCKING FUNNY.... let the hilarity begin...
disgust,@MarkTOByrne I offered @WholeFoods @amazon @CheapAir gold or silver but they said Nah... #bitcoin 
sadness,Quinn's short hair makes me sad. #glee
joy,@Senpai_Vanilla This would be the height of hilarity, were it not for the fact that the adult swan is highly likely to attack.
joy,Sioux Valley wins home competitive #cheer invite with a score of 158. ...Dell Rapids second at 138
joy,#twd comes on soon #happy
sadness,Interesting topic this evening...  sadness &amp; low mood. #MHChat
sadness,@Hayles_101 The three R's depress me.
joy,Watching Avatar and wondering why I took so long to watch this *collapses in a joyous heap*
anticipation,Aberdeen st Johnstone, let's see who can punt it the furthest 
joy,At 12:01, Tumblr became sentient. At 1.:02, Tumblr posted gn animated gif about it. At 12:03, Tumblr shipped itself.
anger,@ColinOccupantz @JasnaBadzak @proremain and there was I thinking #UKIP were a party of angry old men - how wrong can you be!
joy,The T.I / Shawty Lo beef is one of the more underrated ones in hip-hop history. Chock-full of wit, bravado and hilarity.
pessimism,Meanwhile, the so-called M‚Äôs fans sit there knitting or sleeping not sure which but they certainly aren‚Äôt cheering like the other teams fans
sadness,@TNFryed Jesus, you just made think that of all the Vols v fl games I've seen. I've never seen a win. #depression
joy,On the last episode of #MakingAMurderer poor Brendan glad they #appeal it  #crime #documentary #reallife
joy,Look what we have available in store now!!!\n\nLiquid incense for those who can't burn sticks or cones or have smoke in they home!!!!
joy,Nutella is pine green forget me nots are ivory frozen is god
fear,Part of debunking #panic is the idea that either a physical symptom, negative thought, or a behavior begins the vicious cycle. #CBTWORKS
fear,@MS_Hiddle_Batch no the flavour of Danish is far better but Danish pastry can be daunting to make!
joy,@amstrado_CPC @ShittySUFanart the single tear is him being joyous that he's deleted the monster that has brought generations of despair
sadness,Watched tna for the first time in a long time what the hell happened to the #hardyboys #impactonpop #wwe 
joy,Watch this amazing live.ly broadcast by @its.finfin #lively #musically
disgust,Congrats to #Nicole #bb18 ... Fix that nose now üòíüíÅüèª #bitter #petty
anticipation,Am a very old person I can't handle some stuff....lol I just left her there.... Get back to me when you're sober
fear,There goes the butterflies in my stomach. #nervous #anxietyproblems
joy,@WellerMonica Hi Monica, I write regularly for @ctysmallholding  - but not on bees - never dared try them #buzz  #HONEY
fear,Some #people already talks about #Halloween \nYou'll get some #dark #music to go with it\n#gothic #bloody #HalloweenHorrorNights
sadness,My life went from happy to unhappy..
anger,What a fucking muppet.  @jRwild1 #fuming #stalker.
sadness,@mattwruff sadly there is constitutional RIGHT to have abortion. Yet there is constitutional RIGHT to life. Safety net protects those rights
joy,Lmboo , using my nephew for meme 
joy,@hotelplanner I stayed at a hotel who  packed picnic lunches to take on the road!! #BetterTogether @Redlizzy1 @NewfieChic @Ladybug_Vic
sadness,False alarm, she's not coming out today üòû
joy,@wahrbear @marinarchy @diam0ndsapph1re There is some hilarity in someone who is literally openly anti-science calling others anti-science.
optimism,Lord Jesus, I don‚Äôt want to be in prison. I want to be free. Entice my heart with the beauty of Your truth &amp; allow me to rejoice in it. Amen
anticipation,At my funeral, when they close the casket, I want them to play, 'Call recording has completed.'' -@GlenEwing #lost #podcasting #talkshoe
surprise,@britishairways term 5 security queues at arrivals #shocking
fear,#India is sponsoring terrorism in #Balochistan. #KulbhushanYadav an Indian spy agent was arrested in Balochistan by Pakistani forces.
sadness,There will be no #gaming video today. An old friend of mine passed last night, so I'm taking some time to grieve. Thank you #StandUpToCancer
sadness,Im kind of confused.  The one thing i do right now has a great future, but on the other hand so does the new thing . #lost #needhelp
optimism,@TheBarmyArmy all the optimism...
joy,snap: hiAleshia üòÉ
disgust,Had a coworker look at her phone and say, cheerfully, 'oh look, Kap's getting death threats now.' üôÑ. Then she goes to say the 49ers are
joy,@PeanutRD @MelissaJoyRD @SarahKoszykRD @eat4performance @rustnutrition @jenhaugen  hey #sparkling is the word I just picked 4 my biz card
sadness,Flight 815 crashed on The Lost Island 2004 #lost @JoshuaJThurston
joy,@1xfly you sir are hilarious
fear,#Everything you've ever wanted awaits you on the other side of #fear . #IfIWasTheOppositeSex #AskAMan
anger,@vkon1 @WindyCOYS by all accounts he was poor first half. Started showboating once game was safe 
anger,Method into thin out assault corridor thine liveliness: cHd
fear,Celtic sure know how to send a wild shiver down your spine
anger,@VodafoneUKhelp @VodafoneUK wow!! My bill is ¬£44.77 and hav a text from u to prove that and you have taken ¬£148!!!!! #swines  #con!
anger,@RichardHBell Yes, I think he held a grudge ...
optimism,#Never be #afraid to #start over, it's a #new #chance to #rebuild what you want! üî®üî©üè¢
joy,Manchester United v Manchester City #happy days #EFL
fear,@Twitch how do I stop that horror movie themed commercial? Suddenly hearing screams is really not making me want to watch twitch. #anxiety
joy,@Zerfash ‚Äî can't wait.' She said cheerfully and grinned.
joy,Google caffeine-an sprightly lengthening into the corridor re seo: WgJ
anger,3 #tmobile #stores, #original #note7 #customer and zero #results... What's going on guys?  #customerservice #2hour #waittime
surprise,@eugenelaverty @WorldSBK all the best Moto GP is loosing a very talented rider #shocking
fear,@Jchawes What is your favorite #horror movie? #ghosthunters
sadness,Don't wanna go to work but I want the money #sad
fear,We're very busy #coding a whole network manager for #unity3d based on #steamworks networking. #gamedev #indiedev #3amDeadTime #horror #game
joy,Bring back the heyday #NominateBunkface
fear,@curlygirlmimi guess is cause you small and girly. I dunno how this works.. I did frighten though.. She's. A big'un
sadness,This has been the most depressing week full of rain ever lol
joy,@TChudhry @fasiranjha lol @ ur caste. even if the whole village dies.. a massali like you cant be a chaudhry:) so cheer up massali :)
fear,-normal people scare me*
anger,@LethalWeaponFOX promised I wouldn't live tweet, but  @DamonkWayans + @ClayneCrawford brought it! @JordanaBrewster and #furious action FTW!
joy,Getting my comedic relief w/ @SofiaVergara during season premiere of #ModernFamily. Just what a girl needs! #hilarious
anger,@Bungie spent over 2 fucking hours and still can't get that dam SIVA fragment on Fellwinters peak mountain #angry
joy,@stackee Charlie attempted to suffocate me with a cushion for cheering so much at the great news üòÇüòÇ
fear,@frecklybellamy the walking dead, mr robot, american horror story, merlin
joy,What an exhilarating last minute of overtime #WCH2016
fear,second episode of AHS 6 here i go #panic
sadness,It's just the lack of company and liveliness out here that makes me bored.
surprise,incredible that anthony weiner has been caught chasing a busty milkmaid across a park at double speed while jaunty music plays
disgust,@ByeKandace can't cheer for a jigaboo
sadness,It's interesting the photo of Mono Lisa is crying as well as the whole scene is very depressing #ELE6200
optimism,not going to waste my energy holding a grudge against someone who wasnt even in my life a year XD \ntime to release those feelings of dislike
sadness,@khloe_speaks sad music
joy,@dee5479 Electro Set was pure enjoyment &amp; exhilarating, captivating, &amp; Poetic, Raw, exciting ..,
joy,Today I answered a call from a college rep who didn't realize I did, and I got to hear part of his lively debate about if evolution is real.
anger,If angry, bash out your frustration on the pastry #GBBO
optimism,‚ÄúWe can easily #forgive a #child who is #afraid of the #dark; the real #tragedy of #life is when #men are #afraid of the #light.‚Äù‚ÄìPlato
joy,Ooh #hygge, candles, jasmine tea &amp; #GBBO 
anticipation,@Cardschatter now that the Bills have a new offense of Cordinator do you think it's more difficult for the @AZCardinals to  game plan?
optimism,A shy failure is nobler than an immodest success.
optimism,Don't ever grow weary doing good....Don't just see the headlines; look at the trend lines for hope.' @billclinton #CGI2016
fear,@Cernovich It's like the horror movie The Hills Have Eyes...
fear,He: u r beautiful\nShe:i hve a bf\n\nSame as \n\n#India :u guys r #terrorist\n#Pak:we have #nuclear #missiles.\n\n#IndianArmy #terror
fear,@dc_mma @ChampionsFight think shes afraid to fight Holly. One can only imagine what goes through her head when she thinks of Cyborg 
fear,Was actually just watching AHS while half covering my eyes #scared #Roanoke #nightmare #AHSRoanoke
fear,Round 2 #panic #pcola
disgust,@JustinRow10 madden is the reason why controllers are snapped
joy,Successful people always have two things on their lips #silence nd #smile smile to avoid problems nd silence to avoid the problems too
sadness,All the bright places :(
sadness,@eugenelaverty @WorldSBK all the best Moto GP is loosing a very talented rider 
sadness,I'm getting use to not having a phone it's sad ..
anger,@JuliaHB1 Bloody right 
pessimism,Maybe I can sleep with my chem book on my head and it will all sink in my brain
optimism,Somebody who has braved the storm is brewing. 
anger,@RiotzXVl papercuts sting and stub ur toe last for like 10 secs
fear,If I'm working and I know you're working., keep in touch with other woman cuz you make me nervous... #OffTop
surprise,Has anyone noticed that @npr stories in recent days all paint positive accomplishments for Trump and challenges for Hillary? #surprised 
disgust,@GambieRanger @David__Osland which is why a leader who is encouraging his supporters to deselect is such a concern for many of us.
anger,if anyone spoils any of my fucking shows I will haunt you in the afterlife so help me god
anticipation,What if.... the Metro LRT went over the Walterdale?!?! üòÇ #yeg 
joy,Forgot to bring extra boxers to the Y so Im currently commando at Starbucks. This is exhilarating. I feel more liberated than Angelina Jolie
joy,@RobdotThom @sulphurhoops in fact they need to start making all holidays! Maybe even e dry month pick a theme so we can have them all year
sadness,it's so breezy out today, i can't go to back to school night with bare legs like i've had all day
fear,#TerrorStatePak we r confirm that #navazsharif is post graduate distinction student of university of #terrorism. He can't spare himself.
anticipation,@BBCwaste I would imagine he'd shake them up a tad... @afneil
anticipation,@alicemazzy he was more partisan on social issues a few years back; now he just concern trolls the center left as Chait does the far left
fear,what to wear Friday \nspeaking in front of 100's. 
fear,If I could turn anxiety off--I would. #nooneunderstands #anxiety
anger,Trying to book holiday flights on @britishairways website is becoming a 
disgust,i used to think the fire detector going off at my old place when boiling water was bad but this one went off bc of DUST and wouldnt turn off
joy,The people that call in to POV on KX4 make my night. #hilarious
sadness,Ill say it again. If I was a Black man Id be afraid to leave my house or have a moving violation.\n\n#TerranceCrutcher #truth #sad
joy,@LostGermain ' Want to have a spar?' The prince smiles and reaches for his hilt and his icy eyes keep on Aaron, a playful look in his eyes.
joy,One time I saw Rachel from glee tell someone their job was on a pole and I said that in 5th grade to a boy and he look confused
fear,@X_KIMTAEHYUNG_X \n‚Äî momentarily before it disappeared, only solemnity and anxiety lacing his features. \n\n'I ran out to get you before ‚Äî
sadness,When your rewatching glee and break down in tears all over again. üò≠üò¢ 
fear,I stepped into the shower and my spidey senses tangled. I immediately looked up and saw a spider directly above my head. 
fear,Was actually just watching AHS while half covering my eyes #scared #Roanoke  #AHSRoanoke
joy,A 'non-permissive environment' is also called a 'battleground' - #MilSpeak #hilarious
anger,I just love it when people make plans for me without actually including me in this process #rage
anger,@AgentTinsley I believe that's what you call the fury of the righteous.
disgust,@Gibberman10 @ScottHoward42 any of y'all remember when MLB tried a futuristic jersey those were all #terrible
sadness,@yonahimes they never posted stuff like this?????\ni mean i was able to scroll over it so it wasnt a big deal but it was 
joy,Will WHU be old bill free by the time the game with Chelsea comes around? üòÇ üòÇ üòÇ\nThat will be lively to say the least\n#AFC
joy,My roommate: it's okay that we can't spell because we have autocorrect.  #firstworldprobs
optimism,The most important characteristic of leadership is the lack of . #activism #equity #revolution
joy,Benefit out exhilaration called online backing off: JkUVmvQXY
fear,She was so posh it frightened me. I'm still scared.
sadness,@TalesofanAlfa @David_Milloy \nI like your thinking...but sadly no - that's the shed üò¢
anger,@Deadspin @Rlblack1Rob My guess is he's just a convenient target for misplaced anger.  What they're really mad at is how they played.
anger,@cameronNewton #colinkaepernick protests because of the unjust murder of #keithlamontscott in North Carolina #injustice #outrage #speakout
sadness,@ryyyshh story of my life. #lost
sadness,@JUSTICESLUT420 sadly this sort of poster died by the 90s afaik
fear,Trust me to lose my wallet and have to call Lifeguard &amp; Swimmers social early as VC @YSJFC #nightmare
sadness,someone explain female human beings to me, they're depressing me ._.
optimism,It is important to seek peace, even in the midst of a horrific war #CreateSyria  @intalert #TalkingPeace #buildingpeace
anger,I mean, is she supposed to seem joyous when she's talking Rodrigo Duterte, ISIS, the American economy, etc.? Think about what you're saying.
sadness,pressure does burst pipes üò≠
joy,Vincent looking super lively boy... Hattrick perhaps lol
anger,#Azerbaijan #Baku Azerbaijan to prevent another Armenian provocation in Russia
optimism,If I were assured of your eventual destruction I would, in the interests of the public, cheerfully accept my own.' Sherlock Holmes
fear,Im not a #nervouswreck, Im a #nervous #pileup. #GoingCrazy #HelpMe #Insane #Antisocial
joy,@Cigna bows out for the moment. Rather than sulk, I'm going to @UCSF for an opinion from the guys studying #Oligodendroglioma. ‚úåÔ∏è&amp; ‚ù§Ô∏è &amp; üç©'s
fear,Caballero having a nightmare #sweeperkeepernot
joy,Val downing a bottle of vodka there to stop her from shaking! #GBBO
fear,3:45am and off to the hospital! Elouise's waters have gone! #panic #Labour #LittleSister #superexcited
anticipation,On @Varneyco/@FoxBusiness to talk latest on #Chelsea Bombing + #Ahmad_Khan_Rahami's trips to #Afghanistan/#Pakistan #tcot 
fear,Left my phone in Mcds #panic
joy,@steenfox I'm feeling the exact same way. Also I read this in Akon's voice, it provided me with a hearty chuckle
joy,@AMB4JC @drtonyevans It's our job, the job of people who r still sane,still ok in life, to help the lost to find themselves &amp; love eachother
fear,@MrsCassonC @15_jordyn WAS THERE A CLOWN IN YOUR NEIGHBORHOOD? #nightmare #creepy #EnoughIsEnough
joy,@DefiantSagacity ‚Äî Hermione in a sort of thank you before sliding his own plate away from him before frowning at Ron as he continued to ‚Äî
optimism,Happiness is a choice life isn't about pleasing everybody #ALDUB62ndWeeksary
joy,@Jake_Martin74 Oh and I play it capo 2nd fret in a G position RS
sadness,All the 'juniors' are now wearing purple at ollafest while I'm here fighting with my alarm about when I need to wake up for German #sadness
disgust,Insomniacs can't get sleep cuz they are too guilty about all the horrible shit they do. I'm a complete sociopath n sleep like a baby.
sadness,Finally watched #hungergamesmockingjay2 this morning, sadly I feel a little disappointed #toomuchhype
anger,If yiu don't respond .o an email within 7 days, you willxbe killed by an animated gif of the girl froa The Ri.g.
sadness,where broken hearted lovers do cry away their gloom
joy,It's not that the man did not know how to juggle, he just didn't have the balls to do it.\n#funny #pun #punny #hilarious #lol
sadness,@gurrie_j thanks for making me super sad about Pizza. #sad #freepizza
sadness,@ycfcnick the city is famous for the shambles, sadly the old street in the centre plays second fiddle to the stadium debacle nowadays!
joy,@wombletheballer well done broüòè #blues #stategames #captain #shootthegerman
fear,@fatgirlhealthy @MBSCBILL ....so that what do to use violence and intimidation for a polictical agenda.; aka terrorism?
optimism,UPLIFT: If you're still discouraged it means you're listening to the wrong voices &amp; looking to the wrong source. Look to the LORD!
optimism,@govph I would like to know about the source of The President's optimism about running the country. I wonder if he can answer my curiosity.
sadness,Haven't been here a while, been watching lots of TV. Conclusion #whataloadoftat...if I wasn't depressed before afternoon TV is 
anticipation,@wholegrainne Sweden win + Finland win, or NA win + Finland win, NA win + Russia win + timebreakers shake down right
joy,Just got back from seeing @GaryDelaney in Burslem. AMAZING!! Face still hurts from laughing so much 
sadness,@rupindxr my heart actually sunk looooool I was so confused
joy,@CursedRoyal I chuckle and shake my head, 'No that didn't bug me too much. I was still going to ask you but there's a lot you still don't--
anticipation,@JTregManc it's fair to say he's been a bit timid compared to what I've been known to see from him
surprise,@Diana_Buds well, did she make you laugh with her panic mania or not??¬ø
fear,Check out @VovimPrgel - From Scotland #gamer #YouTuber #vlogger #designer #animator #artist. TY for following The Wake #horror #horrorfilm
sadness,I lost my blinders .... 
joy,Not by wrath does one kill, but by laughter.  Friedrich Nietzsche #friedrichnietzsche
joy,@KatelynKolsrud thanks mucho kateüíï #sober
joy,@StephaliciousD afternoon delight
joy,Being in the countryside all day was so pleasing
fear,I realized that it is not #death that I #fear but it is the act of dying. \n#life
optimism,Biggest joke in life? Kardashian and Jenner stans. Their lives are so dull, parents must be so proud.
joy,Listening to old school house music kentphonic-sunday showers 'hanging around' 'sing it back' #blues
sadness,@lucy_hyner @Soulboy2266 sadly not !! One less hour drinking time üò¢üçª
pessimism,A pessimist is someone who, when opportunity knocks, complains about the noise #mikeshumor
anticipation,9/30 Howland Cultural Center, #BeaconNy Vickie Raabin &amp; Chris Raabe #blues #soul 8pm  @LocalMotionWVKR @hiddencitiesnyc 845-831-4988
anticipation,@_Kdddd drop some off at 1133 cheery
anticipation,Leveled at the half. Much better offense expected in the second half
joy,Hey @AppleSupport, would be nice to have ‚Äúclick to pause‚Äù or ‚Äúpause when window inactive‚Äù on animated GIFs for macOS Messages app
joy,@OkashoHime + returned her joyous focus to the pastel-haired girl. 'Wawa's okay, tooooo~!' She squealed before raising her eyebrows at the +
disgust,The more videos @PanicAtTheDisco  post, the more i am convinced i might should not have done that  #Brendonati
optimism,@PeteSpencer007 Are you always so relentlessly positive? Your constantly cheerful optimistic disposition starts to grate after a while.
joy,@ofc_ALDUBQC Glad you gained some cheery vibes just by looking at our Happy Meal! üòä
joy,ok, ok.. I know.. my last tweet was 
anger,Is it me, or is Ding wearing the look of a man who's just found his arch enemy in bed with his missus? #angryman #scowl
sadness,@AceOperative789 no pull him afew weeks ago, sadly theres no game audio or sound affects cause i played it on my phone and tryed everything
anticipation,@flutterpolitely she is from the heyday 80's -could go either way, writing should be stronger but don't know who will be sacrificed first
anticipation,Transparency and openness ' is a dull sell for a fans group - want more verbs like buying, defending, building and securing.
anger,you are an angry glass of vodka
fear,If you think reason will prevail in this election remember that Hitler was elected by what was then a wholly 'reasonable' society. #fear
disgust,sparkling or still? #terribledebatequestions
disgust,@honevbee close up shots of my ugly mug as I continue to talk about Blaine years after glee has been dead
fear,Watching It Follows.  This is a super freaky movie.  #scary
joy,Watch this amazing live.ly broadcast by @paulzimmer  #musically
disgust,The bits that were cooked actual tasted ... no, ok, the cooked AND raw bits tasted awful. 5/5 hilarity, 1/5 taste, 0/5 safe to ingest
joy,@715d1\nI bought the Steam port of Vice City, and to my delight Billie Jean is on the soundtrack!
joy,last nigt i dreamt \nthat somebody loved me\nno hope no harm\njust another false alarm
fear,Nawaz Sharif's UN should start #‡§∏‡§§‡•ç‡§Ø_‡§¨‡•ã‡§ß_‡§Ø‡§æ‡§§‡•ç‡§∞‡§æ as after all his #UNGA speech has awaken the world about their role in sponsoring #terrorism
joy,@ashleighjessica @zacflint1 I'd give that pout the firm D
fear,American horror story in bed üëåüèº
sadness,@IMKristenBell @lauralittlelegs pine nut.... Chestnut....peanut....wait... Wrong film
disgust,@CestLouLeLoup okay, not dead, but if I were, I'd come back to lovingly haunt your sweet asses
optimism,Machine keeps beeping* \nNurse: Don't worry. You're all good. Vitals are normal for your size. \n*Walks back out* \nMatt: so you're dying....üòëüòÇ
sadness,@veryeloise your gunna make me cry, I need a glee day
joy,An @amityaffliction kind of drive home from work today  #dailyfeels
fear,Okay. Brace yourself. I will attempt my first loaf of bread in the morning. I will use a dutch oven. I will make the dough now. #nervous
joy,@KevinI @GGGBoxing @SpecialKBrook pretty average, klitschko fury did about 600k and Joshua white did about 450k
optimism,It's about time I start taking my own advice
joy,Twitter is a font of endless hilarity.
anticipation,@LucidHurricane_ wait, you mean he wasn't armed with a book? 
fear,wonder if at any point #BobMarley ever actually became #afraid of just how #high he'd gotten. :o #420
fear,i've been rooting for him since the beginning #anxiety #BB18
fear,Can't believe how nervous I feel tonight...who feels the same #mufc
joy,Having a blast playing games and hearing testimonies at Pastor Jeremy's house #fellowship #food #laughter #praise #gospel #coffey1617
joy,Sting is just too damn earnest for early morning listening. 
optimism,Are you worrying/worried?\n1Peter 5:7\nThrow all your worry on him, because he cares for you.#faith #leadership #worry #mindfulness #success
pessimism,@hotpatooties more like quickie divorce 
fear,searching for what pro and academic writers have to say about #writing #anxiety and #writersblock
optimism,You can't fight the elephants until you have wrestled the pigs. #quoteoftheday #relentless
joy,@Burnt_Out_Darth @theaterofscifi thanks. 
joy,I don't think Luca understands how serious I am about Fall....he has no idea what's in store for him üòÇüòÇ
joy,And with rich Fumes his sullen sences cheer'd.
fear,Good Morning!!!\n\n#leadership #healthcareIT #socialmedia #connector #ceo #writer #AI #EQ #security #bigdata #Growthhacking #tech #fear
joy,#Trends thread;'P)..it was in my #drafts&amp;now #posted 2 mins after my #birthday..so #close:'O!:''/...but anyway it #really was the #start of
optimism,God hears your voice optimism at the moment that you think that everything has failed you ‚ú®.
anger,@ManUtd you have had from me over the years is irrelevant. Its an absolute joke. #manutd #ticketing #fuming #noloyalty #joke #notimpressed
joy,We stayed up all night long\nMade our drinks too strong\nFeeling ten feet tall\nRopes swinging into the water\nIn the middle of the night
disgust,@emilieragann did another bee sting you on the tongue ?
sadness,@TheSGJournal Step 1: Get rid of @LittleStokePark Step 2: Prioritise football Step 3: profit? #depressing
sadness,*Sigh*  #saddness #afterellen #shitsucks
joy,#blackish always has me #rollin #hilarious
sadness,@AFCGraMaChroi oh, sorry if I've discouraged you üòÇ
fear,Remember the #twinkie #scare ???? #tbt
love,@Gotham3 ~ Crushes are for kids! Just like trix. \rHow bout some full blown up Love that makes you quiver deep down into your core? Y E S *=*
sadness,It is no coincidence that Lacan recorded infants' jubilant reactions to their mirror images in the noise.
sadness,@FFBren @CDCarter13 included for maximum #sadness
joy,If you sober better roll another Dutch or if u don't smoke nigga better pour another cup üçÅüçæ...
fear,I'm a walking ball of stress and anxiety lol
joy,i just spent $40 on big little sis tomorrow and i am beyond happy about it #SAW #mirth #mums
joy,@Vixen85Webster yep &amp; I stayed in pjs all day too lol x
joy,@TheMandyMoore You are beyond wonderful.  Your singing prowess is phenomenal but damn... I'm just elated to watch you act again. #ThisIsUs Ô§ó
joy,@Tjsotomayor snow pig,  that's hilarious. Lmaooo
fear,Heyyyy warriors!!!!!  #panicattacks
fear,Who's afraid of the clowns???\ncomment down there....
joy,Rockin to  Bob Dylan singin'  Bob Dylan's 115th Dream on LPCO Klassic Rock #classicrock #klassicrock #rocknroll #blues #onlineradio
joy,Can't even believe just seeing you set my anxiety off üñï
optimism,People want me to go pine ridge, little wound or Oelrichs. Starting to think about transferring but I wanna stay at cloud. Decisions man.
optimism,Update: I have yet to hang out with @MisElizaJane, but I'm still hopeful! 
joy,@St8edge4life88 eh well i can do the sting vs cactus loser leaves wcw match at bash at the beach lol
optimism,Hope was an instinct only the reasoning human mind could kill. An animal never knew despair.
sadness,@GriffinBowie23 @AliMcClimond sorry to #offend u griffin!!
anger,angry already
optimism,Try to find the good in the negative. The negative can turn out to be good.\n #anxietyrelief  #openminded
joy,@CarolynTopol Ciara asks was it a sci-fi movie, Julie &amp; Jen just stare, Claire on her phone, Joey bolts when the cab honks. LMAO #hilarious
joy,Sharpened a pencil today, haven't sharpened once since 1999. ‚úèÔ∏è #exhilarating
joy,i love those #memories that randomly pop\ninto my head , have me #smiling like an\n#idiot for ages Ûæå¥
disgust,This whole #VanRE + extradition might turn into a Pandora's box. JT has no idea about that murky corrupt guanxi in China; Toad vs Dada ;-)
disgust,My roommate turns the sink off with her foot to avoid germs and a guy says 'YOUR roommate is feet girl?! I'm so sorry' plz help 
fear,Mary Berry and her reign of terror
sadness,Chalk dance notation entree manchester inasmuch as corinthian products that discourage drag branding: ARwuEVfqv
joy,is it an insult or compliment to be told i look like a really happy duck
optimism,If I had a little bit of extra money I would blow the whole paycheck and go to one of the two of @KygoMusic's concerts in LA. #serious
anger,@victoriarghhh not mad but tilting? slightly irate? is that cool?
anger,@BIGGKATZ BUT arms (focused rage) is overpowered, it will be getting nerfed. It'll still be stronger than fury though
joy,Watch this amazing live.ly broadcast by @arbitraryvlog #lively #musically
surprise,@shimian lol. DK has actually dropped from top of the table, surprisingly Arms Warrior is top of the DPS at the moment 
fear,@GuardianAus @Paul_Karp Maybe 49% support no #Muslim immigration cos they perceive the risk of #Islamist ideology &amp; #terrorism as too high?
joy,@JoshNoneYaBiz I love parody accounts! Well done. Vote for #Trump. #lol 
anger,Recommended reading: Prisoners of Hate by Aaron Beck #anger
sadness,Unmatched Party Specialist /co @T3RevNeverEnd #serious #job #titles
fear,@Koishiteruze she was scare not knowing what to do
joy,And thus begins my 2 week holiday! üòèüòè\n#holiday #cheering #ghastinoir #rest
pessimism,#Always #borrow #money from a #pessimist. He won't #expect it #back.
surprise,Wine drunk is the worst version of myself ffs, don't even remember seeing basshunter #shocking
sadness,@EagleGiles23 @tgilmore_92 what I miss? 
optimism,I don't want perfect. It's too boring and dull.
anger,@jaybusbee Well, not Archie. No offense but he's kinda old.
anger,@Shahid3011 don't tweet shit like this! It'll come back and haunt you like your other ones üò≠üòÇ
anger,your outrage (your tweets, your jokes, your attention) is *exactly* what M*lo wants\n\n(this is not meant as a defense)
anticipation,Just rough situations all around for Schalke and Werder Bremen to start the campaign. Bremen dashed late with a new manager. Both with 0.
joy,@Nekudere oh ok, yeah I felt dumb like I think I would have known if it was animated at least lmao
fear,The Apocalypse has hit our gym and it's  nothing what I thought it would be...\n\nEveryone is wearing vests! What if it's contagious? #afraid
fear,@saltmage I find it less daunting if I know one person at least!
anger,@skinkev let's rage
anger,im on holiday for the next round, fuming!
sadness,I saw those dreams dashed &amp;&amp; divided like a million stars in the night sky that I wished on over &amp;&amp; over again ~ sparkling &amp;&amp; broken.
fear,Focusing primarily on the person you‚Äôre talking to rather than yourself and the impression you‚Äôre making lessens social anxiety.
fear,@ryleycathryn @Mack_Shepp did you discover the alarming rate at which bees are dying and how important they are to our way of life?
anger,fuming
fear,this Mac update has me some kind of apprehensive.
joy,‚Äî to reveal a broad smile. \n\n'Yeah, it's nice.' \n\nPursing his lips, he stifled his joyous expression in order ‚Äî\n\n[@AVIATAUBE].
joy,A delight to be at the Lane tonight and witness the debuts of some young talent that could be the backbone of our club!! #COYS
sadness,It'd probably be useful to more than women, but I'm dealing with re-reading an article about a woman being harassed on the subway. 
joy,The amount of laughter ready to leave my body if United lose is unreal
sadness,come to the funeral tomorrow at 12 to mourn the death of my gpa
fear,I stepped into the shower and my spidey senses tangled. I immediately looked up and saw a spider directly above my head. #terror
disgust,why won't you let me go? do i threaten all your plans? im insignificant
fear,I'm getting so nervous for my first anatomy exam üò©
sadness,@MCFCDenver doing the exact same minus the beer sadly
surprise,Ibiza blues hitting me hard already wow
sadness,| At home sick... üéºThe bluesüéº won't cure it so I need ideas üé∏üò≠ | #sorethroat #sick #blues #music #fallweather #carletonuniversity #ottawa
joy,I watch Amyah throw temper tantrums when she gets mad at something and I'm just like damnit that is me and I can't do nothing but laugh üòÖ
fear,@BBCNews üòù scared of their own horror story they wrote, afraid of the #terror they spread, will #europe start WW3 in 2017 anniversary of WW1
anger,My baskets are better when I'm in a bad mood someone irritate me before practice please
optimism,@Lowetide there is no room for jokes in hockey! This is a serious business where we made up teams to fill out the tournament! 
joy,So I'm not being shady but one of Jongdae's ex rumoured girlfriends is going on WGM I'm not saying I'm over joyed but I'm over joyed #bitter
anticipation,-- used as a pawn in this red woman's game] For now, try not to fret and act as if nothing is amiss. This is a royal -- @TheLadyOfGlenco
anger,Another raging storm brought on by my own emotions sorry everyone. enjoy the thunder
fear,@kohara19 It's a rare land octopus. Be very afraid.
anger,@sarah_urbina why do you even beef Sara you let the anger get the best of you, you and Sagin been friends for how long?
optimism,Life is too short so dont shoot it in with worries sadness and grief.
anticipation,what happened to breezy
anticipation,@WunderlistHelp are you guys still down? When can we go up? 
optimism,a #monster is only a #monster if you view him through 
anticipation,@NebulaJoker No, they aren't. Episodes are animated during the week before they air.
anger,@Felisariel Your stomach growl woke you up, huh?
anger,@SouthernRailUK delays from Streatham Cmn to Clap Junc &amp; now train took 20 mins for 9 mins journey. Missed 2 trains to Reading #fuming
fear,The war is right outside your door  #USAToday
joy,Just watched Django Unchained, Other people may frown, but I titter in delight! 2/5
sadness,Missing the 500th test match today , not able to witness it like watching it in India #shy #indvsnz #500thTest @BCCI
joy,#Sports Top seed Johnson chases double delight at Tour Championship
sadness,i am about to find the sadness in graham's lyrics
joy,Oi @THEWIGGYMESS you've absolutely fucking killed me.. 30 mins later im still crying with laughter.. Grindah.. Grindah... ü§ì  hahahahahahaha
sadness,@CornerBakery Sorry I missed you :) I stayed up late working and pondering life
fear,Have the producers of @soverybritish ever been outside of their country? These are universal problems. #worldwide #anxiety
optimism,@sarahhiggins90 @lokiscottishrap So much animosity towards Loki who is fighting the same battle as you. Surely not the best use of energy.
joy,Nice Idea collect all relevant socialmedia in one-But dont be automatic pls #worldsapp ‚¨ÖÔ∏è #chirp #appsworld #socialmedia @DanielFeuer merciüéà
anticipation,Coworker: 'That happened to a friend of mine once, but with guns instead of babies.' #workplace #hilarity
sadness,its been ages since ive had shawarma my stomach is 
joy,what does everyone have against sparkling water?!? such a bomb drink when you mix it with stuff
joy,@modelady24 I know, right? I had a tinge of the same thought. Glad it's Six from BSG, though. Happy the show stayed consistent after break.
anger,I bet @mmunro91 is fuming with our draw üëÄ
joy,@LoisJoanneLane Wagging his tail at the praise, he paused, tilting his head as she took the frisbee from him, letting out a playful -
disgust,@cherrivarisco @audubonsociety Oh yes, males are colourful and the Females are dull, so that they can blend in to their environment.
joy,Never a dull moment when talking to Nell üòÇüòÇüòÇüòÇüòã
disgust,@xmaseveevil1. #MSM is rejoicing that they've fooled us with these body doubles for so long &amp; now her death is a secret. Just like Hawkings
joy,its a gloomy day, im cuddled in my bed watching brendon covering songs and i couldnt be more relaxed or happy üòã
anger,@realDonaldTrump: No sense in taking out your wrath on innocent people because you think police shot an innocent man. #MakeAmericaSafeAgain
joy,Just died from laughter after seeing thatüòÇüò≠üòÇüò≠
sadness,@groovydadad @MHChat üôÇty I often conflate the two depression + sadness, but they are very different. This q reminded me of that #mhchat
fear,T minus 10 hours till I meet with a designer who wants me to model his new fashion line üò¨üò∂ #nervous!!!
fear,I'm so nervous
fear,@Zak_Atif two congressional hearings in USA stopped financial aid to Pak and asked it to prove that it is doing enough to stop terrorism 1n
fear,Research has determined 70% of #laughter is actually #anxiety.
anger,When you forget to mention you were bought dreamboys tickets üôÑüòÇ #raging
love,@lizbon @anomalily @gerikkransky Sorry for the levity if at all inappropriate but this combined with my love of Charlotte reminds me rn...
optimism,@bumbleb33tuna door and cleared his throat, trying to dispel any nervousness he had left.
optimism,‚ÄúOptimism may sometimes be delusional, but pessimism is always delusional.‚Äù ‚ÄîAlan Cohen #believe
sadness,I can't mourn Kid Cudi cause we have Travis Scott...
anticipation,yesterday i finished watching penny dreadful and from all the beautiful things i saw one question remains: were the writers HIM's fans?
fear,Didn't concede yet but having a nightmare at the back #MUFC
anger,@DFSCare apparently you are to contact me. Sofas were meant to be delivered today. Old ones gone. Sitting on floor. No sofas! 
sadness,@Sirenja_ @JaxOfBo (like, hope i didn't offend with my commentary - it wasn't what I was intending!)
joy,The boys rejoice as badger corner has been reclaimed for our first social of the year #cluboftheyear
fear,Skydive booked üòÅüòÅ #nervous üõ©
joy,Just had #efficient #great #smiling service @AppleBelgique store. Impressive team of geniuses ready to redefine what customer service is!
anger,@MetsProspectHub @brianpmangan taking offense to acount...he ranks 32 of 36 over last 2 years by SABR
joy,Gonna be a loooooong year as a Browns fan. Longer than normal and that's 
sadness,Lisa: Getting what you want all the time will ultimately leave you unfulfilled and joyless.
joy,@tomsteinfort expected i thought 
anticipation,It's not going to break you it's just going to shake you
joy,3 Styles to Love now at Zales!  Three sparkling styles to love! Stop by and shop in store today.
sadness,Come here, let me do whatever I do with it. #dismal
anger,Panpiper playing Big River outside The Bridges in SR1 #outrage
anger,@CozanGaming that's what lisa asked before she started raging at me, 'can I call you?' heh
joy,@FacMagnaAmerica  #CureForInsomnia And the left said WE were all doom &amp; gloom. The Trump Train is so much more fun!
fear,#Question of the #day: what are some of your #nervous #habits? (biting fingernails, tapping your foot, clenching your teeth...)
pessimism,@Conorojo Loool understand the pessimism but it will üòÇ
sadness,Can we go back 2 weeks and start again ?? This is seriously dreadful
pessimism,Gen 8:21 NIV‚ÄîThe Lord smelled the pleasing aroma and said in his heart: ‚ÄúNever again will I‚Ä¶ lifelong depravity
fear,When you get to a point as an officer that you are in fear for your life you sir need to change professions
pessimism,Inadequacy slithers from her ears and wraps itself around her neck like the boys she wants to love her. #mpy #vss #quote #depression #poetry
fear,@breadf2man @SunApology and it's Kelvin Mackenzie tomorrow... #shudder DontBuyTheSun
anger,So fucking mad my blood boiling.
fear,@laura221b I don't think I've ever moved so fast in a panic in all my life üòÇ Gave me such a fright üòì
joy,We have all been there, and wished we didn't. 25 #hilarious #AutoCorrect Fails
fear,We're all in D. T. (Discipleship training or detox) for something. #messy #fearful #cutoff #choosefreedom #CryOut16
anger,@EtherealMystic_ She was winning this war that had been raging on inside of his mind. The desire and love all rolling into something he -
sadness,You don't know how to love me when you're sober #sober #selenagomez #revival
sadness,Hey @AppleSupport - how do I find my play history on new #ios10 #appleMusic #music #lost
sadness,Really planned on making videos this week. Then. A tv died, phone broke, truck died, #depression took over. I'm wondering what I did 2 karma
anger,When anger rises, think of the consequences. #quote #wisdom #anger
joy,Watch this amazing live.ly broadcast by @huntermcaseyy #lively #musically
fear,@_Hallospaceboy_ @DailyGrindhouse  I respect when someone can give a second chance to a movie they aren't a fan of. Why #horror is diverse.
sadness,Extreme sadness
joy,@SQLBek My liver is elated that isn't us
disgust,a vote for #killary is like sticking a knife in a toaster  #MakeAmericaGreatAgain
sadness,My heads still in Ibiza but my body is sat at me desk at work #depressing
disgust,@_JESSICAVIDAL_ Just pour it down the sink and let him drink you.
fear,Gonna get some acupuncture today for all my damn anxiety üôÉü§ï
disgust,Bored rn leave Kik/Snapchat #kik #kikme #kikmessage #boredaf #bored #snapchatme #snapchat #snap #country #countrygirl
joy,@lefluerr Lol yeah I read that but I stayed up and didn't nap tillI collect 3 people who I think they've got me üòÇüòÇ!!
sadness,Ffs clan... seriously never been so disheartened
sadness,My son 11 has 128 friends on Facebook and yet is moping around the house complaining he has no one to talk to. I'm right here son
sadness,Remembering those day when u still did'nt know kpop n thinking about how sad your life was without it - Kpop fan
fear,American horror story and chill tonight?üòå
optimism,@alisontis otherwise you're committing a crime against your soul only sober ppl know what is good or bad for themselves
sadness,Boys of Fall makes me miss cheering on Friday nights much sooooo bad #bulldogslwaysüêæ
joy,‚ÄúDo not fret if you are not cool! Humans who follow me, become instantly cool!‚Äù #Bot
optimism,Like keep grinding boy your life can change in one year, and even when it's dark out the sun is shining somewhere...'
joy,With a very tired body and mind and sparkling teeth I say to all my followers, good night and if there is an apocalypse; good luck. #aspie
joy,But guess what ? I'm sober
disgust,Pussies - In the dark, they're all the same
sadness,@FantasyGuruSite I knew you were going to do that. I would definitely buy if I didn't live in Texas where you can't play DFS. ... so depress
joy,But i'll be a pity. üêë #lively
sadness,@harowe this sad truth!
fear,like srsly somebody help me deal with this social anxiety
fear,I'm going to get the weirdest thank you note--or worse--total silence and no acknowledgement. #anxiety
sadness,The moment of the day when you have to start to plaster a smile in your face. #depression
fear,a panic attack AND CALL YOURSELF A REAL FAN makes me so mad like i dont even have the words to explain. this is why some people give no +
anticipation,If u know anything about football help me out here, who should I start
joy,@veroicone my typical shake is ~100g banana, 1c almond milk, 1tbsp chia and protein. Sometimes I add PB2 or ice or other fruit.
joy,Miami proficiency is like pleasing by what name miami beaches: pIkxb
joy,Yet again another night I should've stayed inüòä
fear,@JordanChariton If that doesn't out Dem's in panic mode then I don't know what will...
anticipation,Follow me on Snapchat üëª Carlabtst15 #snapchat #snap
joy,@Hank_nsno @RonaldKoeman cheering and clapping I assume
fear,#terrorstatepak #pakistan is a #terror state
sadness,Heart heavy for lost furry family members. Remembering Max and Ozzie. Forever friends as üê∂üòá
fear,‚ÄúThe #greatest fear #dogs know is the #fear that you will not come back when you go out the #door #without them.‚Äù   \n  ‚Äï#Stanley #Coren
optimism,@pi6ie I want to achieve to your level of optimism
joy,@JonathanHatfull I‚Äôll look forward to it. Hoping for lots of stetson-tilting and rueful looks into whiskey glasses.
fear,@datboyJuniorE lool soon as man start loosing weight.  Its panic
sadness,The Sorrow is grim reminder of how bad I can be at video games and how I could get a bit too trigger happy at times. RIP #MGS3
fear,Your boy' is having a nightmare @VivaLaSergio
sadness,I feel like a burden every day that I waste but I don't know how to get out of this bc I get so discouraged all I wanna do is lay around üôÉ
joy,@NHLstoreNYC @TeamNA_WCH #NHLNYCSWEEPSTAKES having fun watching team North America and cheering team Canada!
joy,@ColMorrisDavis @rolling_2 @realDonaldTrump @pbump He's jubilant to hear the word that he probably uses in secret heard out loud.
sadness,So you're unhappy?
fear,@destaneex @ProSyndicate @EGX oh don't panic he's gonna be there
joy,@indiamarshall_ that's great! It's not easy!\n&amp; it's amazing when nervousness turns into adrenaline üòÇ\nHad you had concerts as soloist before?
optimism,Blessed are those who mourn, for they will be comforted \n                                              Mt 5:4
joy,@IndieWire @cinemaeyehonors #WaltzWithBashir was incredible, tho I think it's more of an #animated film than #documentary about #Lebanon war
optimism,@mar_de_palabras But I do think we need to experience a bit madness &amp; despair too. This is the stuff that makes us human.
joy,Watching football matches without commentary is something that I rejoice, found a transmission of City‚Äôs match like that today, joyful.
pessimism,@RelUnrelated While I do not see Sailer Mars being a raging liberal, I doubt that she would say such a thing.
anticipation,@GigaFag @pipertownsend_ snapchat new would beg to differ 
sadness,when season 13 of greys anatomy premieres today. it you're only on season 7 #sadness :(
anger,@corruptmelon now im feeling the 
joy,Top seed Johnson chases double delight at Tour Championship
joy,Give rise to eternal home aico things immolation: succeed in mother country exhilaration: AKt
optimism,Ask yourself every day: \nam I ruled by fear and hatred \nor am I ruled by love and the sacred?
joy,Omg I'm outside making beats with garageband and some little birds  decided to chirp along Ôºà‚âß‚àá‚â¶Ôºâ
optimism,@TheBenNatan szn 3 &gt;&gt;&gt; szn 1 &gt;&gt;&gt; szn 2. Just to warn you. Don't let szn 2 discourage you.
sadness,@fpuebla3 @Osbaldo_A lost a friend too
joy,LOL I have reminders for my ex-gf's birthday approaching. Too bad she considers me acknowledging her existence an affront...
fear,An adviser to the #European #Union‚Äôs top #court said #Hamas and the #Tamil #Tigers should be taken off the EU‚Äôs #terror list.#lka
sadness,Feels like I lost my best friend #lost #fml #missingyou
fear,I need to learn to be in one place at one time and try not to worry about everything all at once
anticipation,On the bright side with YouTube heroes leafy will finally get banned
fear,#Matthew 25; 1-13\nCould somebody shoot a #video about it?\nIt could be 1 of those #horror videos but in the same time turning many 2 #Christ
joy,@jetmissTee I thought I peeped him on your snap. That's the homie ‚úäüèΩ lol
sadness,When you saw a t-shirt with the phrase 'My mind is a dangerous place to be' and you would like to buy, but in Italy don't sell it. #sadness
joy,My @timehop literally cracks me up when I see posts from 2 years ago and later üòÇ #hilarious
joy,Follow me in instagram 1.0.7 #love #TagsForLikes #TFLers #tweegram #photooftheday #20likes #amazing #smile #follow4follow #like4like #look ‚Ä¶
surprise,@SimplyMayaMarie @STILLStanding_B üòÇüòÇüòÇ y'all know I'm crazy its just shocking that's all
fear,Onus is on #Pak to act against #terror groups which find safe havens and all types of support for cross border terror: #MEA
fear,Just had my interview for the medical internship and I am beyond nervousüò© I was shaking so bad it was unrealüò≥
sadness,That house on #GrandDesigns isn't in a forest it's in a wibbly wobbly pine plantation
fear,The only thing scary about a 1-armed man trying to scare someone is the fact that he feels his 1 arm is only good for tryin to scare someone
sadness,When mine pass, I know I'll be inconsolable &amp; devastated. For a while.
joy,@fireemblemlord it's the first expac since wrath that feels like a proper 'evolution' of the game for me
anticipation,@jwolfie_ why you gotta use the dark skin emoji 
optimism,@GigaFag @pipertownsend_ snapchat new would beg to differ #optimism
anger,@SAHARTHERAPPER I unfollowed without hesitation &lt;3
pessimism,Buddha doesn't possess enough power to deliver you from your affliction!
fear,@PanicAtTheDisco hey, y'all announced it like immediately after I asked. Nice. Thanks y'all #panic
anticipation,@CrucialBMXShop ohh silver lake came up a lot on there! Is that where you guys stayed?
sadness,Sigh. I got a B- .. #depressing
fear,Onus is on #Pak to act against #terror groups which find all types of support for cross border terror: #MEA
anger,@airtelindia have some issues with my broadband bill ,I am charged for the month before I signed up with airtel.. 
joy,@Nick_Offerman &amp; @MeganOMullally 's #Summerof69 show was raw sexuality and pure #mirth ! Thanks for the belly laughs and butt sex japes!
fear,i had a panic attack the other night because i thought my mum was out but she was actually downstairs and she started bashing around hrjdjd
joy,Watch this amazing live.ly broadcast by @hannah..mccloud  #musically
joy,that's my breezy breezy breezy that's my breezy that's my buzzinnnnnn.
sadness,Imagine celtic burst the net wae every attempt, but nutt same old dain it hard way usual
anticipation,Please bear with me, I'm not Twitter savvyüòù in real life I'm a Facebook person. Help me gain followers ü§ì #blog #selfhelp 
disgust,These #NewEnglandPatriots jerseys look like some whack ones that you tried to make when you made custom jerseys on #madden  04
surprise,i wonder how a guy can broke his penis while having sex? #serious
pessimism,I'm highly animated even though I'm decomposing.
